date,fixed_cost,variable_cost,marketing_cost
2024-01-01,10319.96,3298.49,2140.15
2024-02-01,9880.01,2540.07,2131.03
2024-03-01,10606.54,4888.8,2397.06
2024-04-01,9607.6,3605.89,2555.35
2024-05-01,9948.03,3108.67,2496.99
2024-06-01,9186.91,5833.31,1981.01
2024-07-01,9316.62,5598.57,2633.49
2024-08-01,10436.95,3704.72,2310.28
2024-09-01,10384.09,4810.49,2226.35
2024-10-01,9015.92,4211.37,2421.9
2024-11-01,9281.61,7005.98,3182.46
2024-12-01,9305.07,4698.05,3374.95
2025-01-01,10671.93,4161.93,1725.19
2025-02-01,10867.12,3382.84,2259.26
2025-03-01,9250.84,5482.08,2400.76
2025-04-01,9275.15,4290.11,1555.6
2025-05-01,9152.41,3881.34,2139.18
2025-06-01,10635.65,5757.68,2526.66
2025-07-01,9151.49,4662.55,2165.68
2025-08-01,10876.69,4717.57,1814.99
2025-09-01,9011.36,3689.49,1764.73
2025-10-01,10258.1,3903.7,1562.51
2025-11-01,10149.42,6010.0,3304.47
2025-12-01,10931.51,8551.52,4954.96
