date,product_id,stock_level,reorder_level,stock_in,stock_out
2024-01-01,P001,84.0,40,0,29
2024-01-01,P002,38.0,30,0,23
2024-01-01,P003,53.0,25,0,8
2024-01-01,P004,167.0,60,127,45
2024-01-01,P005,49.0,15,0,13
2024-01-01,P006,78.0,20,0,13
2024-01-01,P007,109.0,20,0,11
2024-01-01,P008,114.0,25,0,19
2024-01-01,P009,88.0,30,0,19
2024-01-01,P010,121.0,25,0,8
2024-01-01,P011,102.0,20,0,12
2024-01-01,P012,112.0,25,0,12
2024-01-01,P013,70.0,30,0,10
2024-01-01,P014,104.0,25,0,14
2024-01-01,P015,128.0,35,0,17
2024-01-08,P001,58.0,40,0,26
2024-01-08,P002,174.0,30,152,16
2024-01-08,P003,40.0,25,0,13
2024-01-08,P004,127.0,60,0,40
2024-01-08,P005,41.0,15,0,8
2024-01-08,P006,66.0,20,0,12
2024-01-08,P007,98.0,20,0,11
2024-01-08,P008,96.0,25,0,18
2024-01-08,P009,65.0,30,0,23
2024-01-08,P010,105.0,25,0,16
2024-01-08,P011,91.0,20,0,11
2024-01-08,P012,103.0,25,0,9
2024-01-08,P013,55.0,30,0,15
2024-01-08,P014,92.0,25,0,12
2024-01-08,P015,112.0,35,0,16
2024-01-15,P001,195.0,40,156,19
2024-01-15,P002,149.0,30,0,25
2024-01-15,P003,31.0,25,0,9
2024-01-15,P004,70.0,60,0,57
2024-01-15,P005,34.0,15,0,7
2024-01-15,P006,58.0,20,0,8
2024-01-15,P007,86.0,20,0,12
2024-01-15,P008,77.0,25,0,19
2024-01-15,P009,43.0,30,0,22
2024-01-15,P010,88.0,25,0,17
2024-01-15,P011,81.0,20,0,10
2024-01-15,P012,87.0,25,0,16
2024-01-15,P013,44.0,30,0,11
2024-01-15,P014,83.0,25,0,9
2024-01-15,P015,89.0,35,0,23
2024-01-22,P001,172.0,40,0,23
2024-01-22,P002,128.0,30,0,21
2024-01-22,P003,156.0,25,132,7
2024-01-22,P004,118.0,60,80,32
2024-01-22,P005,26.0,15,0,8
2024-01-22,P006,45.0,20,0,13
2024-01-22,P007,76.0,20,0,10
2024-01-22,P008,60.0,25,0,17
2024-01-22,P009,141.0,30,117,19
2024-01-22,P010,71.0,25,0,17
2024-01-22,P011,69.0,20,0,12
2024-01-22,P012,77.0,25,0,10
2024-01-22,P013,33.0,30,0,11
2024-01-22,P014,70.0,25,0,13
2024-01-22,P015,64.0,35,0,25
2024-01-29,P001,156.0,40,0,16
2024-01-29,P002,107.0,30,0,21
2024-01-29,P003,142.0,25,0,14
2024-01-29,P004,176.0,60,119,61
2024-01-29,P005,18.0,15,0,8
2024-01-29,P006,35.0,20,0,10
2024-01-29,P007,64.0,20,0,12
2024-01-29,P008,47.0,25,0,13
2024-01-29,P009,116.0,30,0,25
2024-01-29,P010,60.0,25,0,11
2024-01-29,P011,54.0,20,0,15
2024-01-29,P012,59.0,25,0,18
2024-01-29,P013,109.0,30,96,20
2024-01-29,P014,57.0,25,0,13
2024-01-29,P015,42.0,35,0,22
2024-02-05,P001,129.0,40,0,27
2024-02-05,P002,93.0,30,0,14
2024-02-05,P003,135.0,25,0,7
2024-02-05,P004,125.0,60,0,51
2024-02-05,P005,143.0,15,132,7
2024-02-05,P006,24.0,20,0,11
2024-02-05,P007,55.0,20,0,9
2024-02-05,P008,33.0,25,0,14
2024-02-05,P009,98.0,30,0,18
2024-02-05,P010,47.0,25,0,13
2024-02-05,P011,42.0,20,0,12
2024-02-05,P012,50.0,25,0,9
2024-02-05,P013,91.0,30,0,18
2024-02-05,P014,47.0,25,0,10
2024-02-05,P015,122.0,35,98,18
2024-02-12,P001,89.0,40,0,40
2024-02-12,P002,79.0,30,0,14
2024-02-12,P003,123.0,25,0,12
2024-02-12,P004,74.0,60,0,51
2024-02-12,P005,140.0,15,0,3
2024-02-12,P006,139.0,20,130,15
2024-02-12,P007,44.0,20,0,11
2024-02-12,P008,125.0,25,103,11
2024-02-12,P009,87.0,30,0,11
2024-02-12,P010,36.0,25,0,11
2024-02-12,P011,35.0,20,0,7
2024-02-12,P012,39.0,25,0,11
2024-02-12,P013,71.0,30,0,20
2024-02-12,P014,36.0,25,0,11
2024-02-12,P015,101.0,35,0,21
2024-02-19,P001,64.0,40,0,25
2024-02-19,P002,67.0,30,0,12
2024-02-19,P003,113.0,25,0,10
2024-02-19,P004,190.0,60,158,42
2024-02-19,P005,137.0,15,0,3
2024-02-19,P006,126.0,20,0,13
2024-02-19,P007,40.0,20,0,4
2024-02-19,P008,107.0,25,0,18
2024-02-19,P009,69.0,30,0,18
2024-02-19,P010,27.0,25,0,9
2024-02-19,P011,25.0,20,0,10
2024-02-19,P012,29.0,25,0,10
2024-02-19,P013,55.0,30,0,16
2024-02-19,P014,26.0,25,0,10
2024-02-19,P015,69.0,35,0,32
2024-02-26,P001,181.0,40,151,34
2024-02-26,P002,58.0,30,0,9
2024-02-26,P003,105.0,25,0,8
2024-02-26,P004,158.0,60,0,32
2024-02-26,P005,124.0,15,0,13
2024-02-26,P006,112.0,20,0,14
2024-02-26,P007,32.0,20,0,8
2024-02-26,P008,89.0,25,0,18
2024-02-26,P009,41.0,30,0,28
2024-02-26,P010,147.0,25,140,20
2024-02-26,P011,126.0,20,108,7
2024-02-26,P012,139.0,25,127,17
2024-02-26,P013,37.0,30,0,18
2024-02-26,P014,153.0,25,146,19
2024-02-26,P015,48.0,35,0,21
2024-03-04,P001,167.0,40,0,14
2024-03-04,P002,36.0,30,0,22
2024-03-04,P003,92.0,25,0,13
2024-03-04,P004,117.0,60,0,41
2024-03-04,P005,116.0,15,0,8
2024-03-04,P006,100.0,20,0,12
2024-03-04,P007,25.0,20,0,7
2024-03-04,P008,69.0,25,0,20
2024-03-04,P009,111.0,30,101,31
2024-03-04,P010,132.0,25,0,15
2024-03-04,P011,114.0,20,0,12
2024-03-04,P012,123.0,25,0,16
2024-03-04,P013,122.0,30,101,16
2024-03-04,P014,138.0,25,0,15
2024-03-04,P015,,35,151,34
2024-03-11,P001,141.0,40,0,26
2024-03-11,P002,130.0,30,115,21
2024-03-11,P003,79.0,25,0,13
2024-03-11,P004,,60,0,46
2024-03-11,P005,107.0,15,0,9
2024-03-11,P006,81.0,20,0,19
2024-03-11,P007,120.0,20,105,10
2024-03-11,P008,42.0,25,0,27
2024-03-11,P009,83.0,30,0,28
2024-03-11,P010,119.0,25,0,13
2024-03-11,P011,105.0,20,0,9
2024-03-11,P012,107.0,25,0,16
2024-03-11,P013,98.0,30,0,24
2024-03-11,P014,117.0,25,0,21
2024-03-11,P015,135.0,35,0,30
2024-03-18,P001,106.0,40,0,35
2024-03-18,P002,102.0,30,0,28
2024-03-18,P003,62.0,25,0,17
2024-03-18,P004,158.0,60,122,35
2024-03-18,P005,95.0,15,0,12
2024-03-18,P006,66.0,20,0,15
2024-03-18,P007,114.0,20,0,6
2024-03-18,P008,159.0,25,137,20
2024-03-18,P009,61.0,30,0,22
2024-03-18,P010,108.0,25,0,11
2024-03-18,P011,87.0,20,0,18
2024-03-18,P012,81.0,25,0,26
2024-03-18,P013,79.0,30,0,19
2024-03-18,P014,101.0,25,0,16
2024-03-18,P015,104.0,35,0,31
2024-03-25,P001,77.0,40,0,29
2024-03-25,P002,84.0,30,0,18
2024-03-25,P003,37.0,25,0,25
2024-03-25,P004,100.0,60,0,58
2024-03-25,P005,86.0,15,0,9
2024-03-25,P006,54.0,20,0,12
2024-03-25,P007,103.0,20,0,11
2024-03-25,P008,134.0,25,0,25
2024-03-25,P009,42.0,30,0,19
2024-03-25,P010,92.0,25,0,16
2024-03-25,P011,78.0,20,0,9
2024-03-25,P012,66.0,25,0,15
2024-03-25,P013,61.0,30,0,18
2024-03-25,P014,80.0,25,0,21
2024-03-25,P015,76.0,35,0,28
2024-04-01,P001,45.0,40,0,32
2024-04-01,P002,66.0,30,0,18
2024-04-01,P003,104.0,25,80,13
2024-04-01,P004,61.0,60,0,39
2024-04-01,P005,82.0,15,0,4
2024-04-01,P006,34.0,20,0,20
2024-04-01,P007,97.0,20,0,6
2024-04-01,P008,111.0,25,0,23
2024-04-01,P009,130.0,30,106,18
2024-04-01,P010,79.0,25,0,13
2024-04-01,P011,75.0,20,0,3
2024-04-01,P012,54.0,25,0,12
2024-04-01,P013,53.0,30,0,8
2024-04-01,P014,56.0,25,0,24
2024-04-01,P015,63.0,35,0,13
2024-04-08,P001,144.0,40,145,46
2024-04-08,P002,40.0,30,0,26
2024-04-08,P003,87.0,25,0,17
2024-04-08,P004,131.0,60,127,57
2024-04-08,P005,74.0,15,0,8
2024-04-08,P006,148.0,20,128,14
2024-04-08,P007,91.0,20,0,6
2024-04-08,P008,72.0,25,0,39
2024-04-08,P009,111.0,30,0,19
2024-04-08,P010,64.0,25,0,15
2024-04-08,P011,61.0,20,0,14
2024-04-08,P012,32.0,25,0,22
2024-04-08,P013,41.0,30,0,12
2024-04-08,P014,43.0,25,0,13
2024-04-08,P015,148.0,35,114,29
2024-04-15,P001,92.0,40,0,52
2024-04-15,P002,98.0,30,86,28
2024-04-15,P003,70.0,25,0,17
2024-04-15,P004,91.0,60,0,40
2024-04-15,P005,63.0,15,0,11
2024-04-15,P006,132.0,20,0,16
2024-04-15,P007,80.0,20,0,11
2024-04-15,P008,48.0,25,0,24
2024-04-15,P009,103.0,30,0,8
2024-04-15,P010,50.0,25,0,14
2024-04-15,P011,54.0,20,0,7
2024-04-15,P012,126.0,25,117,23
2024-04-15,P013,111.0,30,81,11
2024-04-15,P014,135.0,25,112,20
2024-04-15,P015,123.0,35,0,25
2024-04-22,P001,53.0,40,0,39
2024-04-22,P002,84.0,30,0,14
2024-04-22,P003,62.0,25,0,8
2024-04-22,P004,133.0,60,88,46
2024-04-22,P005,59.0,15,0,4
2024-04-22,P006,112.0,20,0,20
2024-04-22,P007,71.0,20,0,9
2024-04-22,P008,32.0,25,0,16
2024-04-22,P009,79.0,30,0,24
2024-04-22,P010,32.0,25,0,18
2024-04-22,P011,39.0,20,0,15
2024-04-22,P012,109.0,25,0,17
2024-04-22,P013,89.0,30,0,22
2024-04-22,P014,120.0,25,0,15
2024-04-22,P015,111.0,35,0,12
2024-04-29,P001,160.0,40,143,36
2024-04-29,P002,68.0,30,0,16
2024-04-29,P003,57.0,25,0,5
2024-04-29,P004,76.0,60,0,57
2024-04-29,P005,45.0,15,0,14
2024-04-29,P006,94.0,20,0,18
2024-04-29,P007,59.0,20,0,12
2024-04-29,P008,150.0,25,140,22
2024-04-29,P009,63.0,30,0,16
2024-04-29,P010,143.0,25,127,16
2024-04-29,P011,30.0,20,0,9
2024-04-29,P012,95.0,25,0,14
2024-04-29,P013,72.0,30,0,17
2024-04-29,P014,101.0,25,0,19
2024-04-29,P015,85.0,35,0,26
2024-05-06,P001,123.0,40,0,37
2024-05-06,P002,52.0,30,0,16
2024-05-06,P003,40.0,25,0,17
2024-05-06,P004,160.0,60,144,60
2024-05-06,P005,36.0,15,0,9
2024-05-06,P006,80.0,20,0,14
2024-05-06,P007,52.0,20,0,7
2024-05-06,P008,121.0,25,0,29
2024-05-06,P009,49.0,30,0,14
2024-05-06,P010,129.0,25,0,14
2024-05-06,P011,133.0,20,120,17
2024-05-06,P012,81.0,25,0,14
2024-05-06,P013,44.0,30,0,28
2024-05-06,P014,84.0,25,0,17
2024-05-06,P015,54.0,35,0,31
2024-05-13,P001,90.0,40,0,33
2024-05-13,P002,175.0,30,154,31
2024-05-13,P003,135.0,25,119,24
2024-05-13,P004,120.0,60,0,40
2024-05-13,P005,29.0,15,0,7
2024-05-13,P006,66.0,20,0,14
2024-05-13,P007,47.0,20,0,5
2024-05-13,P008,109.0,25,0,12
2024-05-13,P009,108.0,30,83,24
2024-05-13,P010,111.0,25,0,18
2024-05-13,P011,126.0,20,0,7
2024-05-13,P012,67.0,25,0,14
2024-05-13,P013,143.0,30,117,18
2024-05-13,P014,64.0,25,0,20
2024-05-13,P015,40.0,35,0,14
2024-05-20,P001,67.0,40,0,23
2024-05-20,P002,155.0,30,0,20
2024-05-20,P003,122.0,25,0,13
2024-05-20,P004,74.0,60,0,46
2024-05-20,P005,23.0,15,0,6
2024-05-20,P006,54.0,20,0,12
2024-05-20,P007,39.0,20,0,8
2024-05-20,P008,97.0,25,0,12
2024-05-20,P009,92.0,30,0,16
2024-05-20,P010,95.0,25,0,16
2024-05-20,P011,116.0,20,0,10
2024-05-20,P012,50.0,25,0,17
2024-05-20,P013,124.0,30,0,19
2024-05-20,P014,46.0,25,0,18
2024-05-20,P015,105.0,35,87,22
2024-05-27,P001,175.0,40,144,36
2024-05-27,P002,121.0,30,0,34
2024-05-27,P003,105.0,25,0,17
2024-05-27,P004,151.0,60,124,47
2024-05-27,P005,16.0,15,0,7
2024-05-27,P006,43.0,20,0,11
2024-05-27,P007,36.0,20,0,3
2024-05-27,P008,73.0,25,0,24
2024-05-27,P009,60.0,30,0,32
2024-05-27,P010,73.0,25,0,22
2024-05-27,P011,102.0,20,0,14
2024-05-27,P012,139.0,25,119,30
2024-05-27,P013,102.0,30,0,22
2024-05-27,P014,38.0,25,0,8
2024-05-27,P015,71.0,35,0,34
2024-06-03,P001,145.0,40,0,30
2024-06-03,P002,99.0,30,0,22
2024-06-03,P003,91.0,25,0,14
2024-06-03,P004,104.0,60,0,47
2024-06-03,P005,109.0,15,104,11
2024-06-03,P006,32.0,20,0,11
2024-06-03,P007,22.0,20,0,14
2024-06-03,P008,60.0,25,0,13
2024-06-03,P009,41.0,30,0,19
2024-06-03,P010,48.0,25,0,25
2024-06-03,P011,89.0,20,0,13
2024-06-03,P012,117.0,25,0,22
2024-06-03,P013,72.0,30,0,30
2024-06-03,P014,137.0,25,119,20
2024-06-03,P015,36.0,35,0,35
2024-06-10,P001,98.0,40,0,47
2024-06-10,P002,74.0,30,0,25
2024-06-10,P003,78.0,25,0,13
2024-06-10,P004,205.0,60,158,57
2024-06-10,P005,97.0,15,0,12
2024-06-10,P006,109.0,20,90,13
2024-06-10,P007,102.0,20,101,21
2024-06-10,P008,46.0,25,0,14
2024-06-10,P009,112.0,30,99,28
2024-06-10,P010,41.0,25,0,7
2024-06-10,P011,70.0,20,0,19
2024-06-10,P012,93.0,25,0,24
2024-06-10,P013,42.0,30,0,30
2024-06-10,P014,115.0,25,0,22
2024-06-10,P015,91.0,35,90,35
2024-06-17,P001,68.0,40,0,30
2024-06-17,P002,50.0,30,0,24
2024-06-17,P003,53.0,25,0,25
2024-06-17,P004,162.0,60,0,43
2024-06-17,P005,83.0,15,0,14
2024-06-17,P006,96.0,20,0,13
2024-06-17,P007,88.0,20,0,14
2024-06-17,P008,164.0,25,144,26
2024-06-17,P009,102.0,30,0,10
2024-06-17,P010,163.0,25,144,22
2024-06-17,P011,45.0,20,0,25
2024-06-17,P012,77.0,25,0,16
2024-06-17,P013,164.0,30,145,23
2024-06-17,P014,102.0,25,0,13
2024-06-17,P015,61.0,35,0,30
2024-06-24,P001,129.0,40,114,53
2024-06-24,P002,130.0,30,108,28
2024-06-24,P003,32.0,25,0,21
2024-06-24,P004,87.0,60,0,75
2024-06-24,P005,72.0,15,0,11
2024-06-24,P006,80.0,20,0,16
2024-06-24,P007,82.0,20,0,6
2024-06-24,P008,147.0,25,0,17
2024-06-24,P009,76.0,30,0,26
2024-06-24,P010,149.0,25,0,14
2024-06-24,P011,30.0,20,0,15
2024-06-24,P012,60.0,25,0,17
2024-06-24,P013,142.0,30,0,22
2024-06-24,P014,82.0,25,0,20
2024-06-24,P015,44.0,35,0,17
2024-07-01,P001,91.0,40,0,38
2024-07-01,P002,107.0,30,0,23
2024-07-01,P003,109.0,25,102,25
2024-07-01,P004,129.0,60,95,53
2024-07-01,P005,57.0,15,0,15
2024-07-01,P006,73.0,20,0,7
2024-07-01,P007,66.0,20,0,16
2024-07-01,P008,,25,0,25
2024-07-01,P009,48.0,30,0,28
2024-07-01,P010,121.0,25,0,28
2024-07-01,P011,130.0,20,110,10
2024-07-01,P012,36.0,25,0,24
2024-07-01,P013,110.0,30,0,32
2024-07-01,P014,56.0,25,0,26
2024-07-01,P015,160.0,35,143,27
2024-07-08,P001,52.0,40,0,39
2024-07-08,P002,87.0,30,0,20
2024-07-08,P003,93.0,25,0,16
2024-07-08,P004,142.0,60,85,72
2024-07-08,P005,42.0,15,0,15
2024-07-08,P006,60.0,20,0,13
2024-07-08,P007,54.0,20,0,12
2024-07-08,P008,92.0,25,0,30
2024-07-08,P009,164.0,30,153,37
2024-07-08,P010,111.0,25,0,10
2024-07-08,P011,107.0,20,0,23
2024-07-08,P012,113.0,25,108,31
2024-07-08,P013,87.0,30,0,23
2024-07-08,P014,33.0,25,0,23
2024-07-08,P015,127.0,35,0,33
2024-07-15,P001,142.0,40,136,46
2024-07-15,P002,69.0,30,0,18
2024-07-15,P003,63.0,25,0,30
2024-07-15,P004,69.0,60,0,73
2024-07-15,P005,31.0,15,0,11
2024-07-15,P006,52.0,20,0,8
2024-07-15,P007,38.0,20,0,16
2024-07-15,P008,80.0,25,0,12
2024-07-15,P009,124.0,30,0,40
2024-07-15,P010,84.0,25,0,27
2024-07-15,P011,91.0,20,0,16
2024-07-15,P012,88.0,25,0,25
2024-07-15,P013,57.0,30,0,30
2024-07-15,P014,137.0,25,124,20
2024-07-15,P015,103.0,35,0,24
2024-07-22,P001,96.0,40,0,46
2024-07-22,P002,46.0,30,0,23
2024-07-22,P003,40.0,25,0,23
2024-07-22,P004,97.0,60,110,82
2024-07-22,P005,17.0,15,0,14
2024-07-22,P006,39.0,20,0,13
2024-07-22,P007,25.0,20,0,13
2024-07-22,P008,54.0,25,0,26
2024-07-22,P009,97.0,30,0,27
2024-07-22,P010,55.0,25,0,29
2024-07-22,P011,77.0,20,0,14
2024-07-22,P012,65.0,25,0,23
2024-07-22,P013,34.0,30,0,23
2024-07-22,P014,112.0,25,0,25
2024-07-22,P015,78.0,35,0,25
2024-07-29,P001,56.0,40,0,40
2024-07-29,P002,31.0,30,0,15
2024-07-29,P003,147.0,25,126,19
2024-07-29,P004,156.0,60,119,60
2024-07-29,P005,103.0,15,97,11
2024-07-29,P006,26.0,20,0,13
2024-07-29,P007,166.0,20,150,9
2024-07-29,P008,38.0,25,0,16
2024-07-29,P009,68.0,30,0,29
2024-07-29,P010,37.0,25,0,18
2024-07-29,P011,57.0,20,0,20
2024-07-29,P012,50.0,25,0,15
2024-07-29,P013,142.0,30,122,14
2024-07-29,P014,97.0,25,0,15
2024-07-29,P015,50.0,35,0,28
2024-08-05,P001,126.0,40,92,22
2024-08-05,P002,144.0,30,131,18
2024-08-05,P003,142.0,25,0,5
2024-08-05,P004,117.0,60,0,39
2024-08-05,P005,95.0,15,0,8
2024-08-05,P006,94.0,20,83,15
2024-08-05,P007,155.0,20,0,11
2024-08-05,P008,27.0,25,0,11
2024-08-05,P009,43.0,30,0,25
2024-08-05,P010,135.0,25,114,16
2024-08-05,P011,46.0,20,0,11
2024-08-05,P012,31.0,25,0,19
2024-08-05,P013,125.0,30,0,17
2024-08-05,P014,84.0,25,0,13
2024-08-05,P015,183.0,35,152,19
2024-08-12,P001,101.0,40,0,25
2024-08-12,P002,118.0,30,0,26
2024-08-12,P003,130.0,25,0,12
2024-08-12,P004,75.0,60,0,42
2024-08-12,P005,75.0,15,0,20
2024-08-12,P006,73.0,20,0,21
2024-08-12,P007,143.0,20,0,12
2024-08-12,P008,122.0,25,113,18
2024-08-12,P009,154.0,30,125,14
2024-08-12,P010,117.0,25,0,18
2024-08-12,P011,30.0,20,0,16
2024-08-12,P012,101.0,25,83,13
2024-08-12,P013,110.0,30,0,15
2024-08-12,P014,63.0,25,0,21
2024-08-12,P015,153.0,35,0,30
2024-08-19,P001,72.0,40,0,29
2024-08-19,P002,96.0,30,0,22
2024-08-19,P003,103.0,25,0,27
2024-08-19,P004,130.0,60,131,76
2024-08-19,P005,69.0,15,0,6
2024-08-19,P006,58.0,20,0,15
2024-08-19,P007,133.0,20,0,10
2024-08-19,P008,104.0,25,0,18
2024-08-19,P009,128.0,30,0,26
2024-08-19,P010,100.0,25,0,17
2024-08-19,P011,138.0,20,123,15
2024-08-19,P012,75.0,25,0,26
2024-08-19,P013,97.0,30,0,13
2024-08-19,P014,60.0,25,0,3
2024-08-19,P015,125.0,35,0,28
2024-08-26,P001,130.0,40,91,33
2024-08-26,P002,75.0,30,0,21
2024-08-26,P003,82.0,25,0,21
2024-08-26,P004,70.0,60,0,60
2024-08-26,P005,62.0,15,0,7
2024-08-26,P006,46.0,20,0,12
2024-08-26,P007,123.0,20,0,10
2024-08-26,P008,90.0,25,0,14
2024-08-26,P009,103.0,30,0,25
2024-08-26,P010,86.0,25,0,14
2024-08-26,P011,121.0,20,0,17
2024-08-26,P012,45.0,25,0,30
2024-08-26,P013,82.0,30,0,15
2024-08-26,P014,40.0,25,0,20
2024-08-26,P015,93.0,35,0,32
2024-09-02,P001,91.0,40,0,39
2024-09-02,P002,44.0,30,0,31
2024-09-02,P003,65.0,25,0,17
2024-09-02,P004,148.0,60,140,62
2024-09-02,P005,54.0,15,0,8
2024-09-02,P006,33.0,20,0,13
2024-09-02,P007,105.0,20,0,18
2024-09-02,P008,68.0,25,0,22
2024-09-02,P009,88.0,30,0,15
2024-09-02,P010,66.0,25,0,20
2024-09-02,P011,107.0,20,0,14
2024-09-02,P012,162.0,25,138,21
2024-09-02,P013,60.0,30,0,22
2024-09-02,P014,134.0,25,112,18
2024-09-02,P015,91.0,35,0,2
2024-09-09,P001,76.0,40,0,15
2024-09-09,P002,152.0,30,125,17
2024-09-09,P003,44.0,25,0,21
2024-09-09,P004,94.0,60,0,54
2024-09-09,P005,51.0,15,0,3
2024-09-09,P006,126.0,20,114,21
2024-09-09,P007,95.0,20,0,10
2024-09-09,P008,47.0,25,0,21
2024-09-09,P009,77.0,30,0,11
2024-09-09,P010,52.0,25,0,14
2024-09-09,P011,94.0,20,0,13
2024-09-09,P012,145.0,25,0,17
2024-09-09,P013,39.0,30,0,21
2024-09-09,P014,117.0,25,0,17
2024-09-09,P015,61.0,35,0,30
2024-09-16,P001,43.0,40,0,33
2024-09-16,P002,118.0,30,0,34
2024-09-16,P003,35.0,25,0,9
2024-09-16,P004,155.0,60,106,45
2024-09-16,P005,38.0,15,0,13
2024-09-16,P006,111.0,20,0,15
2024-09-16,P007,84.0,20,0,11
2024-09-16,P008,107.0,25,85,25
2024-09-16,P009,58.0,30,0,19
2024-09-16,P010,35.0,25,0,17
2024-09-16,P011,76.0,20,0,18
2024-09-16,P012,124.0,25,0,21
2024-09-16,P013,147.0,30,133,25
2024-09-16,P014,105.0,25,0,12
2024-09-16,P015,39.0,35,0,22
2024-09-23,P001,99.0,40,95,39
2024-09-23,P002,88.0,30,0,30
2024-09-23,P003,173.0,25,153,15
2024-09-23,P004,96.0,60,0,59
2024-09-23,P005,31.0,15,0,7
2024-09-23,P006,99.0,20,0,12
2024-09-23,P007,72.0,20,0,12
2024-09-23,P008,86.0,25,0,21
2024-09-23,P009,187.0,30,158,29
2024-09-23,P010,178.0,25,153,10
2024-09-23,P011,64.0,20,0,12
2024-09-23,P012,102.0,25,0,22
2024-09-23,P013,125.0,30,0,22
2024-09-23,P014,87.0,25,0,18
2024-09-23,P015,132.0,35,126,33
2024-09-30,P001,53.0,40,0,46
2024-09-30,P002,77.0,30,0,11
2024-09-30,P003,154.0,25,0,19
2024-09-30,P004,121.0,60,82,57
2024-09-30,P005,23.0,15,0,8
2024-09-30,P006,79.0,20,0,20
2024-09-30,P007,62.0,20,0,10
2024-09-30,P008,60.0,25,0,26
2024-09-30,P009,168.0,30,0,19
2024-09-30,P010,162.0,25,0,16
2024-09-30,P011,52.0,20,0,12
2024-09-30,P012,90.0,25,0,12
2024-09-30,P013,105.0,30,0,20
2024-09-30,P014,73.0,25,0,14
2024-09-30,P015,106.0,35,0,26
2024-10-07,P001,164.0,40,139,28
2024-10-07,P002,49.0,30,0,28
2024-10-07,P003,132.0,25,0,22
2024-10-07,P004,71.0,60,0,50
2024-10-07,P005,99.0,15,87,11
2024-10-07,P006,60.0,20,0,19
2024-10-07,P007,51.0,20,0,11
2024-10-07,P008,45.0,25,0,15
2024-10-07,P009,156.0,30,0,12
2024-10-07,P010,145.0,25,0,17
2024-10-07,P011,45.0,20,0,7
2024-10-07,P012,69.0,25,0,21
2024-10-07,P013,87.0,30,0,18
2024-10-07,P014,53.0,25,0,20
2024-10-07,P015,72.0,35,0,34
2024-10-14,P001,127.0,40,0,37
2024-10-14,P002,172.0,30,145,22
2024-10-14,P003,119.0,25,0,13
2024-10-14,P004,120.0,60,123,74
2024-10-14,P005,89.0,15,0,10
2024-10-14,P006,43.0,20,0,17
2024-10-14,P007,30.0,20,0,21
2024-10-14,P008,139.0,25,126,32
2024-10-14,P009,138.0,30,0,18
2024-10-14,P010,133.0,25,0,12
2024-10-14,P011,38.0,20,0,7
2024-10-14,P012,52.0,25,0,17
2024-10-14,P013,73.0,30,0,14
2024-10-14,P014,42.0,25,0,11
2024-10-14,P015,40.0,35,0,32
2024-10-21,P001,96.0,40,0,31
2024-10-21,P002,163.0,30,0,9
2024-10-21,P003,101.0,25,0,18
2024-10-21,P004,91.0,60,0,29
2024-10-21,P005,72.0,15,0,17
2024-10-21,P006,22.0,20,0,21
2024-10-21,P007,148.0,20,130,12
2024-10-21,P008,123.0,25,0,16
2024-10-21,P009,128.0,30,0,10
2024-10-21,P010,119.0,25,0,14
2024-10-21,P011,159.0,20,140,19
2024-10-21,P012,27.0,25,0,25
2024-10-21,P013,54.0,30,0,19
2024-10-21,P014,30.0,25,0,12
2024-10-21,P015,164.0,35,154,30
2024-10-28,P001,50.0,40,0,46
2024-10-28,P002,136.0,30,0,27
2024-10-28,P003,84.0,25,0,17
2024-10-28,P004,155.0,60,121,57
2024-10-28,P005,62.0,15,0,10
2024-10-28,P006,130.0,20,129,21
2024-10-28,P007,133.0,20,0,15
2024-10-28,P008,99.0,25,0,24
2024-10-28,P009,119.0,30,0,9
2024-10-28,P010,110.0,25,0,9
2024-10-28,P011,147.0,20,0,12
2024-10-28,P012,150.0,25,145,22
2024-10-28,P013,170.0,30,143,27
2024-10-28,P014,130.0,25,115,15
2024-10-28,P015,138.0,35,0,26
2024-11-04,P001,131.0,40,136,55
2024-11-04,P002,102.0,30,0,34
2024-11-04,P003,57.0,25,0,27
2024-11-04,P004,101.0,60,0,54
2024-11-04,P005,47.0,15,0,15
2024-11-04,P006,95.0,20,0,35
2024-11-04,P007,117.0,20,0,16
2024-11-04,P008,80.0,25,0,19
2024-11-04,P009,88.0,30,0,31
2024-11-04,P010,84.0,25,0,26
2024-11-04,P011,118.0,20,0,29
2024-11-04,P012,118.0,25,0,32
2024-11-04,P013,129.0,30,0,41
2024-11-04,P014,108.0,25,0,22
2024-11-04,P015,93.0,35,0,45
2024-11-11,P001,108.0,40,0,23
2024-11-11,P002,69.0,30,0,33
2024-11-11,P003,28.0,25,0,29
2024-11-11,P004,97.0,60,88,92
2024-11-11,P005,38.0,15,0,9
2024-11-11,P006,66.0,20,0,29
2024-11-11,P007,108.0,20,0,9
2024-11-11,P008,55.0,25,0,25
2024-11-11,P009,51.0,30,0,37
2024-11-11,P010,49.0,25,0,35
2024-11-11,P011,103.0,20,0,15
2024-11-11,P012,87.0,25,0,31
2024-11-11,P013,87.0,30,0,42
2024-11-11,P014,67.0,25,0,41
2024-11-11,P015,56.0,35,0,37
2024-11-18,P001,44.0,40,0,64
2024-11-18,P002,34.0,30,0,35
2024-11-18,P003,124.0,25,114,18
2024-11-18,P004,100.0,60,87,84
2024-11-18,P005,29.0,15,0,9
2024-11-18,P006,50.0,20,0,16
2024-11-18,P007,90.0,20,0,18
2024-11-18,P008,37.0,25,0,18
2024-11-18,P009,119.0,30,106,38
2024-11-18,P010,137.0,25,119,31
2024-11-18,P011,79.0,20,0,24
2024-11-18,P012,65.0,25,0,22
2024-11-18,P013,42.0,30,0,45
2024-11-18,P014,36.0,25,0,31
2024-11-18,P015,149.0,35,131,38
2024-11-25,P001,96.0,40,111,59
2024-11-25,P002,129.0,30,131,36
2024-11-25,P003,90.0,25,0,34
2024-11-25,P004,89.0,60,84,95
2024-11-25,P005,18.0,15,0,11
2024-11-25,P006,125.0,20,108,33
2024-11-25,P007,69.0,20,0,21
2024-11-25,P008,,25,86,22
2024-11-25,P009,100.0,30,0,19
2024-11-25,P010,105.0,25,0,32
2024-11-25,P011,59.0,20,0,20
2024-11-25,P012,36.0,25,0,29
2024-11-25,P013,111.0,30,104,35
2024-11-25,P014,114.0,25,103,25
2024-11-25,P015,106.0,35,0,43
2024-12-02,P001,41.0,40,0,55
2024-12-02,P002,101.0,30,0,28
2024-12-02,P003,69.0,25,0,21
2024-12-02,P004,79.0,60,88,98
2024-12-02,P005,116.0,15,113,15
2024-12-02,P006,122.0,20,0,3
2024-12-02,P007,54.0,20,0,15
2024-12-02,P008,67.0,25,0,34
2024-12-02,P009,60.0,30,0,40
2024-12-02,P010,77.0,25,0,28
2024-12-02,P011,34.0,20,0,25
2024-12-02,P012,92.0,25,87,31
2024-12-02,P013,77.0,30,0,34
2024-12-02,P014,86.0,25,0,28
2024-12-02,P015,68.0,35,0,38
2024-12-09,P001,114.0,40,134,61
2024-12-09,P002,70.0,30,0,31
2024-12-09,P003,48.0,25,0,21
2024-12-09,P004,94.0,60,87,72
2024-12-09,P005,92.0,15,0,24
2024-12-09,P006,92.0,20,0,30
2024-12-09,P007,37.0,20,0,17
2024-12-09,P008,47.0,25,0,20
2024-12-09,P009,31.0,30,0,29
2024-12-09,P010,53.0,25,0,24
2024-12-09,P011,159.0,20,150,25
2024-12-09,P012,51.0,25,0,41
2024-12-09,P013,50.0,30,0,27
2024-12-09,P014,55.0,25,0,31
2024-12-09,P015,151.0,35,135,52
2024-12-16,P001,52.0,40,0,62
2024-12-16,P002,40.0,30,0,30
2024-12-16,P003,125.0,25,107,30
2024-12-16,P004,123.0,60,122,93
2024-12-16,P005,80.0,15,0,12
2024-12-16,P006,73.0,20,0,19
2024-12-16,P007,26.0,20,0,11
2024-12-16,P008,137.0,25,120,30
2024-12-16,P009,158.0,30,149,22
2024-12-16,P010,117.0,25,96,32
2024-12-16,P011,134.0,20,0,25
2024-12-16,P012,110.0,25,89,30
2024-12-16,P013,132.0,30,114,32
2024-12-16,P014,33.0,25,0,22
2024-12-16,P015,109.0,35,0,42
2024-12-23,P001,158.0,40,159,53
2024-12-23,P002,114.0,30,103,29
2024-12-23,P003,97.0,25,0,28
2024-12-23,P004,171.0,60,116,68
2024-12-23,P005,69.0,15,0,11
2024-12-23,P006,46.0,20,0,27
2024-12-23,P007,150.0,20,147,23
2024-12-23,P008,106.0,25,0,31
2024-12-23,P009,123.0,30,0,35
2024-12-23,P010,86.0,25,0,31
2024-12-23,P011,118.0,20,0,16
2024-12-23,P012,96.0,25,0,14
2024-12-23,P013,107.0,30,0,25
2024-12-23,P014,145.0,25,142,30
2024-12-23,P015,126.0,35,95,78
2024-12-30,P001,126.0,40,0,32
2024-12-30,P002,103.0,30,0,11
2024-12-30,P003,83.0,25,0,14
2024-12-30,P004,113.0,60,0,58
2024-12-30,P005,58.0,15,0,11
2024-12-30,P006,33.0,20,0,13
2024-12-30,P007,145.0,20,0,5
2024-12-30,P008,91.0,25,0,15
2024-12-30,P009,105.0,30,0,18
2024-12-30,P010,70.0,25,0,16
2024-12-30,P011,104.0,20,0,14
2024-12-30,P012,64.0,25,0,32
2024-12-30,P013,83.0,30,0,24
2024-12-30,P014,130.0,25,0,15
2024-12-30,P015,99.0,35,0,27
2025-01-06,P001,99.0,40,0,27
2025-01-06,P002,93.0,30,0,10
2025-01-06,P003,71.0,25,0,12
2025-01-06,P004,63.0,60,0,50
2025-01-06,P005,49.0,15,0,9
2025-01-06,P006,21.0,20,0,12
2025-01-06,P007,135.0,20,0,10
2025-01-06,P008,73.0,25,0,18
2025-01-06,P009,89.0,30,0,16
2025-01-06,P010,55.0,25,0,15
2025-01-06,P011,97.0,20,0,7
2025-01-06,P012,55.0,25,0,9
2025-01-06,P013,62.0,30,0,21
2025-01-06,P014,114.0,25,0,16
2025-01-06,P015,71.0,35,0,28
2025-01-13,P001,72.0,40,0,27
2025-01-13,P002,69.0,30,0,24
2025-01-13,P003,55.0,25,0,16
2025-01-13,P004,127.0,60,98,34
2025-01-13,P005,38.0,15,0,11
2025-01-13,P006,102.0,20,93,12
2025-01-13,P007,130.0,20,0,5
2025-01-13,P008,65.0,25,0,8
2025-01-13,P009,69.0,30,0,20
2025-01-13,P010,39.0,25,0,16
2025-01-13,P011,86.0,20,0,11
2025-01-13,P012,40.0,25,0,15
2025-01-13,P013,39.0,30,0,23
2025-01-13,P014,102.0,25,0,12
2025-01-13,P015,51.0,35,0,20
2025-01-20,P001,57.0,40,0,15
2025-01-20,P002,50.0,30,0,19
2025-01-20,P003,35.0,25,0,20
2025-01-20,P004,84.0,60,0,43
2025-01-20,P005,29.0,15,0,9
2025-01-20,P006,90.0,20,0,12
2025-01-20,P007,120.0,20,0,10
2025-01-20,P008,45.0,25,0,20
2025-01-20,P009,49.0,30,0,20
2025-01-20,P010,29.0,25,0,10
2025-01-20,P011,76.0,20,0,10
2025-01-20,P012,119.0,25,105,26
2025-01-20,P013,110.0,30,99,28
2025-01-20,P014,91.0,25,0,11
2025-01-20,P015,118.0,35,89,22
2025-01-27,P001,93.0,40,84,48
2025-01-27,P002,34.0,30,0,16
2025-01-27,P003,131.0,25,108,12
2025-01-27,P004,143.0,60,101,42
2025-01-27,P005,22.0,15,0,7
2025-01-27,P006,75.0,20,0,15
2025-01-27,P007,111.0,20,0,9
2025-01-27,P008,28.0,25,0,17
2025-01-27,P009,33.0,30,0,16
2025-01-27,P010,116.0,25,109,22
2025-01-27,P011,62.0,20,0,14
2025-01-27,P012,99.0,25,0,20
2025-01-27,P013,92.0,30,0,18
2025-01-27,P014,62.0,25,0,29
2025-01-27,P015,94.0,35,0,24
2025-02-03,P001,51.0,40,0,42
2025-02-03,P002,121.0,30,102,15
2025-02-03,P003,117.0,25,0,14
2025-02-03,P004,98.0,60,0,45
2025-02-03,P005,18.0,15,0,4
2025-02-03,P006,67.0,20,0,8
2025-02-03,P007,98.0,20,0,13
2025-02-03,P008,124.0,25,105,9
2025-02-03,P009,91.0,30,88,30
2025-02-03,P010,109.0,25,0,7
2025-02-03,P011,50.0,20,0,12
2025-02-03,P012,87.0,25,0,12
2025-02-03,P013,72.0,30,0,20
2025-02-03,P014,44.0,25,0,18
2025-02-03,P015,73.0,35,0,21
2025-02-10,P001,171.0,40,152,32
2025-02-10,P002,113.0,30,0,8
2025-02-10,P003,108.0,25,0,9
2025-02-10,P004,149.0,60,99,48
2025-02-10,P005,156.0,15,147,9
2025-02-10,P006,61.0,20,0,6
2025-02-10,P007,86.0,20,0,12
2025-02-10,P008,116.0,25,0,8
2025-02-10,P009,65.0,30,0,26
2025-02-10,P010,98.0,25,0,11
2025-02-10,P011,42.0,20,0,8
2025-02-10,P012,72.0,25,0,15
2025-02-10,P013,61.0,30,0,11
2025-02-10,P014,159.0,25,138,23
2025-02-10,P015,54.0,35,0,19
2025-02-17,P001,141.0,40,0,30
2025-02-17,P002,97.0,30,0,16
2025-02-17,P003,89.0,25,0,19
2025-02-17,P004,81.0,60,0,68
2025-02-17,P005,149.0,15,0,7
2025-02-17,P006,48.0,20,0,13
2025-02-17,P007,80.0,20,0,6
2025-02-17,P008,96.0,25,0,20
2025-02-17,P009,37.0,30,0,28
2025-02-17,P010,82.0,25,0,16
2025-02-17,P011,26.0,20,0,16
2025-02-17,P012,44.0,25,0,28
2025-02-17,P013,45.0,30,0,16
2025-02-17,P014,143.0,25,0,16
2025-02-17,P015,116.0,35,88,26
2025-02-24,P001,106.0,40,0,35
2025-02-24,P002,78.0,30,0,19
2025-02-24,P003,69.0,25,0,20
2025-02-24,P004,155.0,60,116,42
2025-02-24,P005,142.0,15,0,7
2025-02-24,P006,29.0,20,0,19
2025-02-24,P007,70.0,20,0,10
2025-02-24,P008,84.0,25,0,12
2025-02-24,P009,116.0,30,111,32
2025-02-24,P010,65.0,25,0,17
2025-02-24,P011,135.0,20,119,10
2025-02-24,P012,127.0,25,105,22
2025-02-24,P013,156.0,30,130,19
2025-02-24,P014,129.0,25,0,14
2025-02-24,P015,86.0,35,0,30
2025-03-03,P001,75.0,40,0,31
2025-03-03,P002,57.0,30,0,21
2025-03-03,P003,47.0,25,0,22
2025-03-03,P004,106.0,60,0,49
2025-03-03,P005,136.0,15,0,6
2025-03-03,P006,168.0,20,154,15
2025-03-03,P007,56.0,20,0,14
2025-03-03,P008,62.0,25,0,22
2025-03-03,P009,93.0,30,0,23
2025-03-03,P010,51.0,25,0,14
2025-03-03,P011,121.0,20,0,14
2025-03-03,P012,108.0,25,0,19
2025-03-03,P013,142.0,30,0,14
2025-03-03,P014,109.0,25,0,20
2025-03-03,P015,58.0,35,0,28
2025-03-10,P001,138.0,40,105,42
2025-03-10,P002,156.0,30,128,29
2025-03-10,P003,34.0,25,0,13
2025-03-10,P004,143.0,60,105,68
2025-03-10,P005,130.0,15,0,6
2025-03-10,P006,150.0,20,0,18
2025-03-10,P007,46.0,20,0,10
2025-03-10,P008,52.0,25,0,10
2025-03-10,P009,72.0,30,0,21
2025-03-10,P010,175.0,25,151,27
2025-03-10,P011,114.0,20,0,7
2025-03-10,P012,84.0,25,0,24
2025-03-10,P013,122.0,30,0,20
2025-03-10,P014,97.0,25,0,12
2025-03-10,P015,36.0,35,0,22
2025-03-17,P001,102.0,40,0,36
2025-03-17,P002,139.0,30,0,17
2025-03-17,P003,124.0,25,104,14
2025-03-17,P004,82.0,60,0,61
2025-03-17,P005,116.0,15,0,14
2025-03-17,P006,132.0,20,0,18
2025-03-17,P007,27.0,20,0,19
2025-03-17,P008,136.0,25,113,29
2025-03-17,P009,53.0,30,0,19
2025-03-17,P010,161.0,25,0,14
2025-03-17,P011,102.0,20,0,12
2025-03-17,P012,57.0,25,0,27
2025-03-17,P013,100.0,30,0,22
2025-03-17,P014,74.0,25,0,23
2025-03-17,P015,104.0,35,105,37
2025-03-24,P001,56.0,40,0,46
2025-03-24,P002,115.0,30,0,24
2025-03-24,P003,108.0,25,0,16
2025-03-24,P004,153.0,60,129,58
2025-03-24,P005,106.0,15,0,10
2025-03-24,P006,114.0,20,0,18
2025-03-24,P007,159.0,20,154,22
2025-03-24,P008,117.0,25,0,19
2025-03-24,P009,31.0,30,0,22
2025-03-24,P010,151.0,25,0,10
2025-03-24,P011,93.0,20,0,9
2025-03-24,P012,28.0,25,0,29
2025-03-24,P013,73.0,30,0,27
2025-03-24,P014,51.0,25,0,23
2025-03-24,P015,75.0,35,0,29
2025-03-31,P001,111.0,40,91,36
2025-03-31,P002,101.0,30,0,14
2025-03-31,P003,89.0,25,0,19
2025-03-31,P004,101.0,60,0,52
2025-03-31,P005,94.0,15,0,12
2025-03-31,P006,99.0,20,0,15
2025-03-31,P007,146.0,20,0,13
2025-03-31,P008,87.0,25,0,30
2025-03-31,P009,117.0,30,106,20
2025-03-31,P010,130.0,25,0,21
2025-03-31,P011,81.0,20,0,12
2025-03-31,P012,101.0,25,89,16
2025-03-31,P013,56.0,30,0,17
2025-03-31,P014,31.0,25,0,20
2025-03-31,P015,51.0,35,0,24
2025-04-07,P001,77.0,40,0,34
2025-04-07,P002,77.0,30,0,24
2025-04-07,P003,73.0,25,0,16
2025-04-07,P004,170.0,60,123,54
2025-04-07,P005,88.0,15,0,6
2025-04-07,P006,77.0,20,0,22
2025-04-07,P007,141.0,20,0,5
2025-04-07,P008,71.0,25,0,16
2025-04-07,P009,103.0,30,0,14
2025-04-07,P010,114.0,25,0,16
2025-04-07,P011,58.0,20,0,23
2025-04-07,P012,79.0,25,0,22
2025-04-07,P013,38.0,30,0,18
2025-04-07,P014,136.0,25,129,24
2025-04-07,P015,158.0,35,135,28
2025-04-14,P001,45.0,40,0,32
2025-04-14,P002,57.0,30,0,20
2025-04-14,P003,64.0,25,0,9
2025-04-14,P004,105.0,60,0,65
2025-04-14,P005,77.0,15,0,11
2025-04-14,P006,63.0,20,0,14
2025-04-14,P007,126.0,20,0,15
2025-04-14,P008,56.0,25,0,15
2025-04-14,P009,74.0,30,0,29
2025-04-14,P010,100.0,25,0,14
2025-04-14,P011,49.0,20,0,9
2025-04-14,P012,58.0,25,0,21
2025-04-14,P013,139.0,30,125,24
2025-04-14,P014,117.0,25,0,19
2025-04-14,P015,127.0,35,0,31
2025-04-21,P001,151.0,40,140,34
2025-04-21,P002,36.0,30,0,21
2025-04-21,P003,41.0,25,0,23
2025-04-21,P004,73.0,60,0,32
2025-04-21,P005,66.0,15,0,11
2025-04-21,P006,48.0,20,0,15
2025-04-21,P007,120.0,20,0,6
2025-04-21,P008,39.0,25,0,17
2025-04-21,P009,61.0,30,0,13
2025-04-21,P010,79.0,25,0,21
2025-04-21,P011,33.0,20,0,16
2025-04-21,P012,53.0,25,0,5
2025-04-21,P013,109.0,30,0,30
2025-04-21,P014,97.0,25,0,20
2025-04-21,P015,89.0,35,0,38
2025-04-28,P001,115.0,40,0,36
2025-04-28,P002,159.0,30,151,28
2025-04-28,P003,107.0,25,83,17
2025-04-28,P004,151.0,60,134,56
2025-04-28,P005,54.0,15,0,12
2025-04-28,P006,33.0,20,0,15
2025-04-28,P007,106.0,20,0,14
2025-04-28,P008,159.0,25,145,25
2025-04-28,P009,126.0,30,97,32
2025-04-28,P010,71.0,25,0,8
2025-04-28,P011,95.0,20,87,25
2025-04-28,P012,141.0,25,121,33
2025-04-28,P013,86.0,30,0,23
2025-04-28,P014,75.0,25,0,22
2025-04-28,P015,53.0,35,0,36
2025-05-05,P001,68.0,40,0,47
2025-05-05,P002,135.0,30,0,24
2025-05-05,P003,87.0,25,0,20
2025-05-05,P004,91.0,60,0,60
2025-05-05,P005,48.0,15,0,6
2025-05-05,P006,131.0,20,121,23
2025-05-05,P007,95.0,20,0,11
2025-05-05,P008,131.0,25,0,28
2025-05-05,P009,100.0,30,0,26
2025-05-05,P010,56.0,25,0,15
2025-05-05,P011,84.0,20,0,11
2025-05-05,P012,120.0,25,0,21
2025-05-05,P013,67.0,30,0,19
2025-05-05,P014,58.0,25,0,17
2025-05-05,P015,102.0,35,83,34
2025-05-12,P001,,40,107,38
2025-05-12,P002,117.0,30,0,18
2025-05-12,P003,74.0,25,0,13
2025-05-12,P004,165.0,60,132,58
2025-05-12,P005,40.0,15,0,8
2025-05-12,P006,121.0,20,0,10
2025-05-12,P007,84.0,20,0,11
2025-05-12,P008,105.0,25,0,26
2025-05-12,P009,77.0,30,0,23
2025-05-12,P010,34.0,25,0,22
2025-05-12,P011,72.0,20,0,12
2025-05-12,P012,107.0,25,0,13
2025-05-12,P013,36.0,30,0,31
2025-05-12,P014,41.0,25,0,17
2025-05-12,P015,63.0,35,0,39
2025-05-19,P001,108.0,40,0,29
2025-05-19,P002,104.0,30,0,13
2025-05-19,P003,48.0,25,0,26
2025-05-19,P004,106.0,60,0,59
2025-05-19,P005,31.0,15,0,9
2025-05-19,P006,97.0,20,0,24
2025-05-19,P007,67.0,20,0,17
2025-05-19,P008,78.0,25,0,27
2025-05-19,P009,52.0,30,0,25
2025-05-19,P010,104.0,25,87,17
2025-05-19,P011,56.0,20,0,16
2025-05-19,P012,79.0,25,0,28
2025-05-19,P013,108.0,30,89,17
2025-05-19,P014,125.0,25,100,16
2025-05-19,P015,37.0,35,0,26
2025-05-26,P001,75.0,40,0,33
2025-05-26,P002,87.0,30,0,17
2025-05-26,P003,38.0,25,0,10
2025-05-26,P004,151.0,60,113,68
2025-05-26,P005,23.0,15,0,8
2025-05-26,P006,80.0,20,0,17
2025-05-26,P007,59.0,20,0,8
2025-05-26,P008,61.0,25,0,17
2025-05-26,P009,32.0,30,0,20
2025-05-26,P010,92.0,25,0,12
2025-05-26,P011,43.0,20,0,13
2025-05-26,P012,65.0,25,0,14
2025-05-26,P013,80.0,30,0,28
2025-05-26,P014,102.0,25,0,23
2025-05-26,P015,119.0,35,115,33
2025-06-02,P001,115.0,40,83,43
2025-06-02,P002,57.0,30,0,30
2025-06-02,P003,124.0,25,107,21
2025-06-02,P004,71.0,60,0,80
2025-06-02,P005,139.0,15,133,17
2025-06-02,P006,66.0,20,0,14
2025-06-02,P007,36.0,20,0,23
2025-06-02,P008,37.0,25,0,24
2025-06-02,P009,122.0,30,116,26
2025-06-02,P010,74.0,25,0,18
2025-06-02,P011,27.0,20,0,16
2025-06-02,P012,35.0,25,0,30
2025-06-02,P013,50.0,30,0,30
2025-06-02,P014,87.0,25,0,15
2025-06-02,P015,90.0,35,0,29
2025-06-09,P001,53.0,40,0,62
2025-06-09,P002,34.0,30,0,23
2025-06-09,P003,93.0,25,0,31
2025-06-09,P004,125.0,60,134,80
2025-06-09,P005,129.0,15,0,10
2025-06-09,P006,35.0,20,0,31
2025-06-09,P007,139.0,20,122,19
2025-06-09,P008,104.0,25,91,24
2025-06-09,P009,95.0,30,0,27
2025-06-09,P010,59.0,25,0,15
2025-06-09,P011,113.0,20,98,12
2025-06-09,P012,110.0,25,94,19
2025-06-09,P013,157.0,30,131,24
2025-06-09,P014,62.0,25,0,25
2025-06-09,P015,66.0,35,0,24
2025-06-16,P001,127.0,40,105,31
2025-06-16,P002,135.0,30,120,19
2025-06-16,P003,70.0,25,0,23
2025-06-16,P004,215.0,60,159,69
2025-06-16,P005,120.0,15,0,9
2025-06-16,P006,23.0,20,0,12
2025-06-16,P007,120.0,20,0,19
2025-06-16,P008,69.0,25,0,35
2025-06-16,P009,69.0,30,0,26
2025-06-16,P010,44.0,25,0,15
2025-06-16,P011,113.0,20,0,0
2025-06-16,P012,69.0,25,0,41
2025-06-16,P013,128.0,30,0,29
2025-06-16,P014,51.0,25,0,11
2025-06-16,P015,122.0,35,89,33
2025-06-23,P001,71.0,40,0,56
2025-06-23,P002,111.0,30,0,24
2025-06-23,P003,47.0,25,0,23
2025-06-23,P004,164.0,60,0,51
2025-06-23,P005,111.0,15,0,9
2025-06-23,P006,154.0,20,150,19
2025-06-23,P007,104.0,20,0,16
2025-06-23,P008,41.0,25,0,28
2025-06-23,P009,40.0,30,0,29
2025-06-23,P010,146.0,25,126,24
2025-06-23,P011,94.0,20,0,19
2025-06-23,P012,42.0,25,0,27
2025-06-23,P013,94.0,30,0,34
2025-06-23,P014,32.0,25,0,19
2025-06-23,P015,82.0,35,0,40
2025-06-30,P001,132.0,40,117,56
2025-06-30,P002,82.0,30,0,29
2025-06-30,P003,154.0,25,132,25
2025-06-30,P004,96.0,60,0,68
2025-06-30,P005,104.0,15,0,7
2025-06-30,P006,127.0,20,0,27
2025-06-30,P007,85.0,20,0,19
2025-06-30,P008,159.0,25,144,26
2025-06-30,P009,149.0,30,132,23
2025-06-30,P010,118.0,25,0,28
2025-06-30,P011,75.0,20,0,19
2025-06-30,P012,93.0,25,80,29
2025-06-30,P013,66.0,30,0,28
2025-06-30,P014,173.0,25,152,11
2025-06-30,P015,53.0,35,0,29
2025-07-07,P001,87.0,40,0,45
2025-07-07,P002,51.0,30,0,31
2025-07-07,P003,127.0,25,0,27
2025-07-07,P004,84.0,60,89,101
2025-07-07,P005,95.0,15,0,9
2025-07-07,P006,111.0,20,0,16
2025-07-07,P007,67.0,20,0,18
2025-07-07,P008,134.0,25,0,25
2025-07-07,P009,119.0,30,0,30
2025-07-07,P010,89.0,25,0,29
2025-07-07,P011,59.0,20,0,16
2025-07-07,P012,64.0,25,0,29
2025-07-07,P013,138.0,30,117,45
2025-07-07,P014,145.0,25,0,28
2025-07-07,P015,156.0,35,138,35
2025-07-14,P001,47.0,40,0,40
2025-07-14,P002,159.0,30,144,36
2025-07-14,P003,108.0,25,0,19
2025-07-14,P004,174.0,60,151,61
2025-07-14,P005,80.0,15,0,15
2025-07-14,P006,96.0,20,0,15
2025-07-14,P007,48.0,20,0,19
2025-07-14,P008,119.0,25,0,15
2025-07-14,P009,100.0,30,0,19
2025-07-14,P010,61.0,25,0,28
2025-07-14,P011,47.0,20,0,12
2025-07-14,P012,44.0,25,0,20
2025-07-14,P013,109.0,30,0,29
2025-07-14,P014,119.0,25,0,26
2025-07-14,P015,102.0,35,0,54
2025-07-21,P001,136.0,40,130,41
2025-07-21,P002,131.0,30,0,28
2025-07-21,P003,97.0,25,0,11
2025-07-21,P004,117.0,60,0,57
2025-07-21,P005,69.0,15,0,11
2025-07-21,P006,80.0,20,0,16
2025-07-21,P007,35.0,20,0,13
2025-07-21,P008,108.0,25,0,11
2025-07-21,P009,71.0,30,0,29
2025-07-21,P010,39.0,25,0,22
2025-07-21,P011,31.0,20,0,16
2025-07-21,P012,103.0,25,89,30
2025-07-21,P013,72.0,30,0,37
2025-07-21,P014,105.0,25,0,14
2025-07-21,P015,64.0,35,0,38
2025-07-28,P001,98.0,40,0,38
2025-07-28,P002,105.0,30,0,26
2025-07-28,P003,75.0,25,0,22
2025-07-28,P004,84.0,60,0,33
2025-07-28,P005,64.0,15,0,5
2025-07-28,P006,62.0,20,0,18
2025-07-28,P007,21.0,20,0,14
2025-07-28,P008,96.0,25,0,12
2025-07-28,P009,55.0,30,0,16
2025-07-28,P010,129.0,25,109,19
2025-07-28,P011,153.0,20,142,20
2025-07-28,P012,80.0,25,0,23
2025-07-28,P013,51.0,30,0,21
2025-07-28,P014,76.0,25,0,29
2025-07-28,P015,175.0,35,146,35
2025-08-04,P001,47.0,40,0,51
2025-08-04,P002,73.0,30,0,32
2025-08-04,P003,56.0,25,0,19
2025-08-04,P004,114.0,60,84,54
2025-08-04,P005,54.0,15,0,10
2025-08-04,P006,45.0,20,0,17
2025-08-04,P007,124.0,20,110,7
2025-08-04,P008,78.0,25,0,18
2025-08-04,P009,137.0,30,107,25
2025-08-04,P010,119.0,25,0,10
2025-08-04,P011,141.0,20,0,12
2025-08-04,P012,60.0,25,0,20
2025-08-04,P013,35.0,30,0,16
2025-08-04,P014,63.0,25,0,13
2025-08-04,P015,147.0,35,0,28
2025-08-11,P001,149.0,40,149,47
2025-08-11,P002,53.0,30,0,20
2025-08-11,P003,39.0,25,0,17
2025-08-11,P004,190.0,60,141,65
2025-08-11,P005,46.0,15,0,8
2025-08-11,P006,26.0,20,0,19
2025-08-11,P007,113.0,20,0,11
2025-08-11,P008,66.0,25,0,12
2025-08-11,P009,121.0,30,0,16
2025-08-11,P010,102.0,25,0,17
2025-08-11,P011,130.0,20,0,11
2025-08-11,P012,46.0,25,0,14
2025-08-11,P013,145.0,30,133,23
2025-08-11,P014,39.0,25,0,24
2025-08-11,P015,130.0,35,0,17
2025-08-18,P001,109.0,40,0,40
2025-08-18,P002,136.0,30,118,35
2025-08-18,P003,99.0,25,86,26
2025-08-18,P004,121.0,60,0,69
2025-08-18,P005,38.0,15,0,8
2025-08-18,P006,146.0,20,139,19
2025-08-18,P007,98.0,20,0,15
2025-08-18,P008,52.0,25,0,14
2025-08-18,P009,98.0,30,0,23
2025-08-18,P010,83.0,25,0,19
2025-08-18,P011,118.0,20,0,12
2025-08-18,P012,149.0,25,131,28
2025-08-18,P013,120.0,30,0,25
2025-08-18,P014,114.0,25,102,27
2025-08-18,P015,107.0,35,0,23
2025-08-25,P001,76.0,40,0,33
2025-08-25,P002,118.0,30,0,18
2025-08-25,P003,76.0,25,0,23
2025-08-25,P004,76.0,60,0,45
2025-08-25,P005,28.0,15,0,10
2025-08-25,P006,128.0,20,0,18
2025-08-25,P007,91.0,20,0,7
2025-08-25,P008,130.0,25,106,28
2025-08-25,P009,76.0,30,0,22
2025-08-25,P010,64.0,25,0,19
2025-08-25,P011,100.0,20,0,18
2025-08-25,P012,125.0,25,0,24
2025-08-25,P013,104.0,30,0,16
2025-08-25,P014,94.0,25,0,20
2025-08-25,P015,78.0,35,0,29
2025-09-01,P001,48.0,40,0,28
2025-09-01,P002,92.0,30,0,26
2025-09-01,P003,56.0,25,0,20
2025-09-01,P004,135.0,60,133,74
2025-09-01,P005,16.0,15,0,12
2025-09-01,P006,113.0,20,0,15
2025-09-01,P007,74.0,20,0,17
2025-09-01,P008,109.0,25,0,21
2025-09-01,P009,53.0,30,0,23
2025-09-01,P010,47.0,25,0,17
2025-09-01,P011,85.0,20,0,15
2025-09-01,P012,105.0,25,0,20
2025-09-01,P013,73.0,30,0,31
2025-09-01,P014,81.0,25,0,13
2025-09-01,P015,40.0,35,0,38
2025-09-08,P001,88.0,40,83,43
2025-09-08,P002,62.0,30,0,30
2025-09-08,P003,30.0,25,0,26
2025-09-08,P004,79.0,60,0,56
2025-09-08,P005,154.0,15,143,5
2025-09-08,P006,103.0,20,0,10
2025-09-08,P007,58.0,20,0,16
2025-09-08,P008,93.0,25,0,16
2025-09-08,P009,152.0,30,127,28
2025-09-08,P010,117.0,25,95,25
2025-09-08,P011,69.0,20,0,16
2025-09-08,P012,87.0,25,0,18
2025-09-08,P013,54.0,30,0,19
2025-09-08,P014,64.0,25,0,17
2025-09-08,P015,133.0,35,122,29
2025-09-15,P001,49.0,40,0,39
2025-09-15,P002,118.0,30,94,38
2025-09-15,P003,118.0,25,103,15
2025-09-15,P004,117.0,60,83,45
2025-09-15,P005,144.0,15,0,10
2025-09-15,P006,76.0,20,0,27
2025-09-15,P007,46.0,20,0,12
2025-09-15,P008,83.0,25,0,10
2025-09-15,P009,136.0,30,0,16
2025-09-15,P010,99.0,25,0,18
2025-09-15,P011,57.0,20,0,12
2025-09-15,P012,69.0,25,0,18
2025-09-15,P013,168.0,30,146,32
2025-09-15,P014,46.0,25,0,18
2025-09-15,P015,102.0,35,0,31
2025-09-22,P001,113.0,40,110,46
2025-09-22,P002,101.0,30,0,17
2025-09-22,P003,94.0,25,0,24
2025-09-22,P004,190.0,60,134,61
2025-09-22,P005,133.0,15,0,11
2025-09-22,P006,59.0,20,0,17
2025-09-22,P007,38.0,20,0,8
2025-09-22,P008,71.0,25,0,12
2025-09-22,P009,112.0,30,0,24
2025-09-22,P010,79.0,25,0,20
2025-09-22,P011,36.0,20,0,21
2025-09-22,P012,42.0,25,0,27
2025-09-22,P013,143.0,30,0,25
2025-09-22,P014,103.0,25,81,24
2025-09-22,P015,81.0,35,0,21
2025-09-29,P001,68.0,40,0,45
2025-09-29,P002,77.0,30,0,24
2025-09-29,P003,71.0,25,0,23
2025-09-29,P004,132.0,60,0,58
2025-09-29,P005,125.0,15,0,8
2025-09-29,P006,39.0,20,0,20
2025-09-29,P007,23.0,20,0,15
2025-09-29,P008,54.0,25,0,17
2025-09-29,P009,92.0,30,0,20
2025-09-29,P010,59.0,25,0,20
2025-09-29,P011,25.0,20,0,11
2025-09-29,P012,169.0,25,148,21
2025-09-29,P013,116.0,30,0,27
2025-09-29,P014,78.0,25,0,25
2025-09-29,P015,48.0,35,0,33
2025-10-06,P001,146.0,40,122,44
2025-10-06,P002,59.0,30,0,18
2025-10-06,P003,61.0,25,0,10
2025-10-06,P004,144.0,60,93,81
2025-10-06,P005,117.0,15,0,8
2025-10-06,P006,25.0,20,0,14
2025-10-06,P007,116.0,20,102,9
2025-10-06,P008,43.0,25,0,11
2025-10-06,P009,60.0,30,0,32
2025-10-06,P010,37.0,25,0,22
2025-10-06,P011,121.0,20,112,16
2025-10-06,P012,149.0,25,0,20
2025-10-06,P013,92.0,30,0,24
2025-10-06,P014,55.0,25,0,23
2025-10-06,P015,176.0,35,159,31
2025-10-13,P001,103.0,40,0,43
2025-10-13,P002,36.0,30,0,23
2025-10-13,P003,42.0,25,0,19
2025-10-13,P004,81.0,60,0,63
2025-10-13,P005,106.0,15,0,11
2025-10-13,P006,154.0,20,152,23
2025-10-13,P007,110.0,20,0,6
2025-10-13,P008,26.0,25,0,17
2025-10-13,P009,40.0,30,0,20
2025-10-13,P010,162.0,25,149,24
2025-10-13,P011,106.0,20,0,15
2025-10-13,P012,124.0,25,0,25
2025-10-13,P013,71.0,30,0,21
2025-10-13,P014,41.0,25,0,14
2025-10-13,P015,147.0,35,0,29
2025-10-20,P001,45.0,40,0,58
2025-10-20,P002,,30,94,25
2025-10-20,P003,140.0,25,123,25
2025-10-20,P004,99.0,60,82,64
2025-10-20,P005,97.0,15,0,9
2025-10-20,P006,128.0,20,0,26
2025-10-20,P007,98.0,20,0,12
2025-10-20,P008,148.0,25,151,29
2025-10-20,P009,101.0,30,84,23
2025-10-20,P010,150.0,25,0,12
2025-10-20,P011,100.0,20,0,6
2025-10-20,P012,101.0,25,0,23
2025-10-20,P013,51.0,30,0,20
2025-10-20,P014,180.0,25,157,18
2025-10-20,P015,124.0,35,0,23
2025-10-27,P001,92.0,40,95,48
2025-10-27,P002,82.0,30,0,23
2025-10-27,P003,111.0,25,0,29
2025-10-27,P004,167.0,60,128,60
2025-10-27,P005,85.0,15,0,12
2025-10-27,P006,107.0,20,0,21
2025-10-27,P007,76.0,20,0,22
2025-10-27,P008,125.0,25,0,23
2025-10-27,P009,73.0,30,0,28
2025-10-27,P010,130.0,25,0,20
2025-10-27,P011,86.0,20,0,14
2025-10-27,P012,74.0,25,0,27
2025-10-27,P013,167.0,30,145,29
2025-10-27,P014,162.0,25,0,18
2025-10-27,P015,76.0,35,0,48
2025-11-03,P001,130.0,40,108,70
2025-11-03,P002,37.0,30,0,45
2025-11-03,P003,83.0,25,0,28
2025-11-03,P004,78.0,60,0,89
2025-11-03,P005,67.0,15,0,18
2025-11-03,P006,65.0,20,0,42
2025-11-03,P007,55.0,20,0,21
2025-11-03,P008,87.0,25,0,38
2025-11-03,P009,31.0,30,0,42
2025-11-03,P010,102.0,25,0,28
2025-11-03,P011,62.0,20,0,24
2025-11-03,P012,38.0,25,0,36
2025-11-03,P013,118.0,30,0,49
2025-11-03,P014,137.0,25,0,25
2025-11-03,P015,112.0,35,103,67
2025-11-10,P001,75.0,40,0,55
2025-11-10,P002,152.0,30,150,35
2025-11-10,P003,39.0,25,0,44
2025-11-10,P004,109.0,60,134,103
2025-11-10,P005,56.0,15,0,11
2025-11-10,P006,41.0,20,0,24
2025-11-10,P007,34.0,20,0,21
2025-11-10,P008,48.0,25,0,39
2025-11-10,P009,97.0,30,101,35
2025-11-10,P010,78.0,25,0,24
2025-11-10,P011,48.0,20,0,14
2025-11-10,P012,91.0,25,80,27
2025-11-10,P013,80.0,30,0,38
2025-11-10,P014,100.0,25,0,37
2025-11-10,P015,66.0,35,0,46
2025-11-17,P001,127.0,40,106,54
2025-11-17,P002,109.0,30,0,43
2025-11-17,P003,104.0,25,100,35
2025-11-17,P004,131.0,60,131,109
2025-11-17,P005,45.0,15,0,11
2025-11-17,P006,122.0,20,111,30
2025-11-17,P007,100.0,20,82,16
2025-11-17,P008,153.0,25,132,27
2025-11-17,P009,52.0,30,0,45
2025-11-17,P010,58.0,25,0,20
2025-11-17,P011,104.0,20,89,33
2025-11-17,P012,66.0,25,0,25
2025-11-17,P013,35.0,30,0,45
2025-11-17,P014,60.0,25,0,40
2025-11-17,P015,104.0,35,89,51
2025-11-24,P001,70.0,40,0,57
2025-11-24,P002,80.0,30,0,29
2025-11-24,P003,78.0,25,0,26
2025-11-24,P004,147.0,60,124,108
2025-11-24,P005,33.0,15,0,12
2025-11-24,P006,88.0,20,0,34
2025-11-24,P007,76.0,20,0,24
2025-11-24,P008,118.0,25,0,35
2025-11-24,P009,124.0,30,105,33
2025-11-24,P010,26.0,25,0,32
2025-11-24,P011,81.0,20,0,23
2025-11-24,P012,28.0,25,0,38
2025-11-24,P013,94.0,30,91,32
2025-11-24,P014,26.0,25,0,34
2025-11-24,P015,66.0,35,0,38
2025-12-01,P001,152.0,40,131,49
2025-12-01,P002,47.0,30,0,33
2025-12-01,P003,47.0,25,0,31
2025-12-01,P004,203.0,60,148,92
2025-12-01,P005,17.0,15,0,16
2025-12-01,P006,61.0,20,0,27
2025-12-01,P007,58.0,20,0,18
2025-12-01,P008,86.0,25,0,32
2025-12-01,P009,86.0,30,0,38
2025-12-01,P010,89.0,25,92,29
2025-12-01,P011,54.0,20,0,27
2025-12-01,P012,137.0,25,149,40
2025-12-01,P013,73.0,30,0,21
2025-12-01,P014,90.0,25,85,21
2025-12-01,P015,123.0,35,121,64
2025-12-08,P001,82.0,40,0,70
2025-12-08,P002,157.0,30,137,27
2025-12-08,P003,93.0,25,87,41
2025-12-08,P004,119.0,60,0,84
2025-12-08,P005,144.0,15,154,27
2025-12-08,P006,39.0,20,0,22
2025-12-08,P007,36.0,20,0,22
2025-12-08,P008,48.0,25,0,38
2025-12-08,P009,48.0,30,0,38
2025-12-08,P010,61.0,25,0,28
2025-12-08,P011,24.0,20,0,30
2025-12-08,P012,105.0,25,0,32
2025-12-08,P013,129.0,30,102,46
2025-12-08,P014,59.0,25,0,31
2025-12-08,P015,81.0,35,0,42
2025-12-15,P001,159.0,40,141,64
2025-12-15,P002,126.0,30,0,31
2025-12-15,P003,53.0,25,0,40
2025-12-15,P004,149.0,60,126,96
2025-12-15,P005,126.0,15,0,18
2025-12-15,P006,119.0,20,109,29
2025-12-15,P007,22.0,20,0,14
2025-12-15,P008,99.0,25,84,33
2025-12-15,P009,170.0,30,149,27
2025-12-15,P010,38.0,25,0,23
2025-12-15,P011,120.0,20,108,12
2025-12-15,P012,63.0,25,0,42
2025-12-15,P013,88.0,30,0,41
2025-12-15,P014,37.0,25,0,22
2025-12-15,P015,152.0,35,120,49
2025-12-22,P001,86.0,40,0,73
2025-12-22,P002,84.0,30,0,42
2025-12-22,P003,94.0,25,94,53
2025-12-22,P004,160.0,60,112,101
2025-12-22,P005,112.0,15,0,14
2025-12-22,P006,89.0,20,0,30
2025-12-22,P007,122.0,20,126,26
2025-12-22,P008,60.0,25,0,39
2025-12-22,P009,140.0,30,0,30
2025-12-22,P010,176.0,25,158,20
2025-12-22,P011,103.0,20,0,17
2025-12-22,P012,174.0,25,149,38
2025-12-22,P013,52.0,30,0,36
2025-12-22,P014,163.0,25,155,29
2025-12-22,P015,101.0,35,0,51
2025-12-29,P001,61.0,40,0,25
2025-12-29,P002,64.0,30,0,20
2025-12-29,P003,86.0,25,0,8
2025-12-29,P004,127.0,60,0,33
2025-12-29,P005,104.0,15,0,8
2025-12-29,P006,76.0,20,0,13
2025-12-29,P007,118.0,20,0,4
2025-12-29,P008,44.0,25,0,16
2025-12-29,P009,118.0,30,0,22
2025-12-29,P010,162.0,25,0,14
2025-12-29,P011,96.0,20,0,7
2025-12-29,P012,159.0,25,0,15
2025-12-29,P013,38.0,30,0,14
2025-12-29,P014,149.0,25,0,14
2025-12-29,P015,78.0,35,0,23
